image,gt_count,pred_count,matched_count,FN,FP,best_iou,low_localization
0002a5b67e5f0909_jpg.rf.07ca41e79eb878b14032f650f34d0967.jpg,2,1,1,1,0,0.6516,1
000812dcf304a8e7_jpg.rf.559f904bc045f68ee947796a1b561d8f.jpg,1,2,1,0,1,0.7818,1
0010f4c10f7ab07e_jpg.rf.92344aa620e23aacc490273e32343595.jpg,1,1,1,0,0,0.6433,1
002519f868563098_jpg.rf.b9450b9265c92d8d3bd96bdfeff635e5.jpg,1,1,1,0,0,0.7074,1
0026c246d5c33bea_jpg.rf.782def291f7881f554c7a8bd17b9ff13.jpg,3,2,2,1,0,0.8973,2
002901d9d194c4fb_jpg.rf.292313a88fa94fe76a51739acc95b5ab.jpg,1,1,1,0,0,0.8209,1
0039ac4bfb8bd69d_jpg.rf.8ed0bdac228b8da2b163f8f4ec3ee12d.jpg,1,1,1,0,0,0.7379,1
005e1faed531ae7e_jpg.rf.641f4e0212615f9577971c7996785998.jpg,1,1,1,0,0,0.6925,1
006a2f13b5b16c64_jpg.rf.e820f8b40c945dad83266d7de46547ed.jpg,1,0,0,1,0,0,0
0088be963439e57d_jpg.rf.86aac5ac6fc2739dec461915633d636c.jpg,1,0,0,1,0,0,0
008e36a5a0623445_jpg.rf.c0df6282d2fe4484c4c6de82acbb2ab5.jpg,2,1,1,1,0,0.6026,1
00a7d31c6cc6b7f3_jpg.rf.2707e63f5c51f113de704441ea210a65.jpg,1,1,1,0,0,0.6437,1
00c82d64185293a7_jpg.rf.d927fad96de9f7b21d10616035d07517.jpg,1,1,1,0,0,0.7837,1
00d9db3d2c186504_jpg.rf.dbef0ff244b8391e10e46b8e378da86f.jpg,1,1,1,0,0,0.8021,1
00e481ea1a520175_jpg.rf.0818727629d317c7c097b6d662d0c6f9.jpg,1,1,1,0,0,0.7831,1
00e4cd60e84c0463_jpg.rf.c14f84986360a80ea34f8ae1d2fe822e.jpg,1,1,1,0,0,0.7832,1
00e8e5e79255536f_jpg.rf.07cf07851218145d72e84778d79a2999.jpg,2,1,1,1,0,0.7863,1
0123f836ce94678a_jpg.rf.c2c72263ce513bd9a8b56d2a162e1950.jpg,1,2,1,0,1,0.5376,1
01984a985e4bf80f_jpg.rf.731119098337a60b6f8f401d1367e815.jpg,1,1,1,0,0,0.6143,1
0269b68e1093b0be_jpg.rf.29fd59c72a78dd9e2406c280d07503d3.jpg,1,1,1,0,0,0.8207,1
02a3ba4c3886fe9a_jpg.rf.3eed71c4a4d26606beff7edb40836fdd.jpg,1,0,0,1,0,0,0
1649292507307_jpg.rf.11c5c81b3c2268b783c70ca38128b535.jpg,1,0,0,1,0,0,0
589222_jpg.rf.702e43cd09d2b19db120a880b52af3fa.jpg,1,1,1,0,0,0.7334,1
All-2050-20U-S-20license-20plates_-20ranked-20from-20best_yythkg_jpg.rf.9e957f4ca200128b35b2e0b3943af68a.jpg,1,1,1,0,0,0.8174,1
BB8986_jpg.rf.557016469ded529e6ad7f9678c3cd096.jpg,1,1,1,0,0,0.7317,1
brightnessquandoi20_jpg.rf.5f2b75fb7ea702cd325b104c19f5fd36.jpg,1,1,1,0,0,0.6509,1
brightnessquandoi88_jpg.rf.3bcd2546f06185bb269959ba5af8ea71.jpg,1,1,1,0,0,0.8158,1
Can-20Someone-20Really-20Steal-20Your-20Info-20From-20Your_yythkg_jpg.rf.ec515fb2e0db3d7d8e46dc3d463cdc12.jpg,1,1,1,0,0,0.7578,1
CarLongPlate112_jpg.rf.7840be7370e6a1b935b4fe20f5fce219.jpg,1,1,1,0,0,0.875,1
CarLongPlate114_jpg.rf.dcdf98176fb87e88ea598e314c071f90.jpg,1,1,1,0,0,0.8925,1
CarLongPlate118_jpg.rf.0949b2eea4cfccfbc54ad5166540f063.jpg,1,1,1,0,0,0.8206,1
CarLongPlate122_jpg.rf.59a01e7d297683dee471b5718544e364.jpg,1,1,1,0,0,0.9782,0
CarLongPlate129_jpg.rf.da3922f8112965580d685a20bdb266e5.jpg,1,1,1,0,0,0.8999,1
CarLongPlate147_jpg.rf.170e168a499edf114f8b2ab8b252cd1a.jpg,1,1,1,0,0,0.8938,1
CarLongPlate160_jpg.rf.478b3cd1069b8471c1e15f0052162b3f.jpg,1,1,1,0,0,0.9272,1
CarLongPlate161_jpg.rf.4ab56f3945ee7a68fbd5f96c54128b76.jpg,1,1,1,0,0,0.7245,1
CarLongPlate179_jpg.rf.d078f6e07bf6f78f6aef3b334bb19e94.jpg,1,1,1,0,0,0.8291,1
CarLongPlate181_jpg.rf.f0ff112bff5d87216148e6c1faf06fd9.jpg,1,1,1,0,0,0.6892,1
CarLongPlate212_jpg.rf.0f8747cdb9acd31d92decec0a292b1cb.jpg,1,1,1,0,0,0.8768,1
CarLongPlate23_jpg.rf.0cc5e7c4caf32040ab6c49f2b60731aa.jpg,1,1,1,0,0,0.7719,1
CarLongPlate24_jpg.rf.f1667250fe1287d2bfa53d9dfb7b3ec3.jpg,1,1,1,0,0,0.8658,1
CarLongPlate263_jpg.rf.43da9e19bd7915f07185c8f6eb99d4e3.jpg,1,1,1,0,0,0.8447,1
CarLongPlate277_jpg.rf.4300a9f3b5bf80dac5d3350f5fcc72d1.jpg,1,1,1,0,0,0.9465,1
CarLongPlate291_jpg.rf.51da3f8da77855bb61537ceb36da6be1.jpg,1,1,1,0,0,0.863,1
CarLongPlate296_jpg.rf.2397837312f2974434b68361260bf84a.jpg,1,1,1,0,0,0.7015,1
CarLongPlate304_jpg.rf.d1efd0164e18d08dd58974ca7554af48.jpg,1,1,1,0,0,0.8836,1
CarLongPlate307_jpg.rf.cb8b3bb376521021a5269873fc9ab448.jpg,1,1,1,0,0,0.8322,1
CarLongPlate319_jpg.rf.55ed49a87dc6c6728b13b54ff6db2ee9.jpg,1,1,1,0,0,0.884,1
CarLongPlate324_jpg.rf.0ca516f05861b6afd26480d4051af1d6.jpg,1,1,1,0,0,0.9466,1
CarLongPlate343_jpg.rf.146d1a919e31b646107282a8e96df12d.jpg,1,1,1,0,0,0.9297,1
CarLongPlate361_jpg.rf.408a737a2212dfdb9a7d4b40fc771e7a.jpg,1,0,0,1,0,0,0
CarLongPlate362_jpg.rf.8f40d50c13edd65554eccef50d5f6812.jpg,1,1,1,0,0,0.9017,1
CarLongPlate366_jpg.rf.603ac4c0cf16247370a4752d29494b7c.jpg,1,1,1,0,0,0.8287,1
CarLongPlate381_jpg.rf.ce7208852cc39e05b70bb2132db29d82.jpg,1,1,1,0,0,0.8179,1
CarLongPlate384_jpg.rf.51a1145e0bbd66476b9fd2ab2e89cd48.jpg,1,1,1,0,0,0.8471,1
CarLongPlate397_jpg.rf.8a4602f78218fc8e54bcfee98a35ed75.jpg,1,1,1,0,0,0.906,1
CarLongPlate403_jpg.rf.b146405026ae55da3db28a1c56a77381.jpg,1,1,1,0,0,0.8304,1
CarLongPlate405_jpg.rf.4a9aa1d02d3292be32920fa2275256dc.jpg,1,1,1,0,0,0.8237,1
CarLongPlate415_jpg.rf.50de7eabcc4579bbd2998bd53c8605ef.jpg,1,1,1,0,0,0.7952,1
CarLongPlate418_jpg.rf.884bb8d6eaa23beb2664d728b89b0a6b.jpg,1,1,1,0,0,0.9735,0
CarLongPlate425_jpg.rf.c2d757ed73591d800b7392718b15dc6b.jpg,1,1,1,0,0,0.9285,1
CarLongPlate488_jpg.rf.7508cc156db24f134b469cc844927fe9.jpg,1,1,1,0,0,0.7879,1
CarLongPlate506_jpg.rf.148d99f8d4e0facae283b3f432bf6ca5.jpg,1,1,1,0,0,0.8601,1
CarLongPlate50_jpg.rf.90ef5d76dd04a55e526e638adbfb7d4d.jpg,1,1,1,0,0,0.8552,1
CarLongPlate537_jpg.rf.5200fd5f08db9b6bc212e62f01dc152c.jpg,1,1,1,0,0,0.957,0
CarLongPlate553_jpg.rf.6e1b65697e0c85fe8ae7c42a6eaf1519.jpg,1,1,1,0,0,0.897,1
CarLongPlate554_jpg.rf.b28e7654fbeecd0ca4bd23f34761d291.jpg,1,1,1,0,0,0.8544,1
CarLongPlate558_jpg.rf.0f6f3794bde13b75fa7c9ecb12bfe961.jpg,1,1,1,0,0,0.9139,1
CarLongPlate559_jpg.rf.a869dc37c0f3d9fbf9c842530c875f42.jpg,1,1,1,0,0,0.9429,1
CarLongPlate578_jpg.rf.0e2a1d49fd81e63d2dbffaf2a86abf95.jpg,1,1,1,0,0,0.9073,1
CarLongPlate587_jpg.rf.f4e160812e926ba3acf42d68bde174be.jpg,1,1,1,0,0,0.8782,1
CarLongPlate591_jpg.rf.11c3238d6d95c66b8bc38ce768249843.jpg,1,1,1,0,0,0.8505,1
CarLongPlate603_jpg.rf.f9b4dba0833b03bb930568b2997c4281.jpg,1,1,1,0,0,0.8986,1
CarLongPlate604_jpg.rf.91454c571234bdb1713744d5e472fccf.jpg,1,1,1,0,0,0.8368,1
CarLongPlate606_jpg.rf.e593e69047644c1ad1b6412b2433895c.jpg,1,1,1,0,0,0.8619,1
CarLongPlate61_jpg.rf.04d8012c1a2025ee412968f9340f3704.jpg,1,1,1,0,0,0.9196,1
CarLongPlate62_jpg.rf.8721466b2174b88978334960afcb86c5.jpg,1,1,1,0,0,0.7719,1
CarLongPlate636_jpg.rf.8396acea8b23d2eec5d910fde9feb188.jpg,1,1,1,0,0,0.8901,1
CarLongPlate648_jpg.rf.ecfeb1584e7984fc588c2f9a3db11b05.jpg,1,1,1,0,0,0.9603,0
CarLongPlate660_jpg.rf.19bac2737509eb13333e956755edfc5c.jpg,1,1,1,0,0,0.8778,1
CarLongPlate661_jpg.rf.2cbc90eb9faf6bca53590b447a75e0df.jpg,1,1,1,0,0,0.8733,1
CarLongPlate681_jpg.rf.4e9b22c35992a321ce474361cae123e0.jpg,1,1,1,0,0,0.8311,1
CarLongPlate685_jpg.rf.60818e2f7b4bbc90b75edc5e7b215a5d.jpg,1,1,1,0,0,0.8317,1
CarLongPlate68_jpg.rf.87ae26ed94e5c425e4327a5b09d91445.jpg,1,1,1,0,0,0.7899,1
CarLongPlate699_jpg.rf.dcb4c8ec47f1968a473157c46b5bfc2d.jpg,1,1,1,0,0,0.8765,1
CarLongPlate705_jpg.rf.132349f41bb7d9cc33f752660e1ca0da.jpg,1,1,1,0,0,0.7135,1
CarLongPlate720_jpg.rf.4c77efeb909432a5863edefe4092ab16.jpg,1,1,1,0,0,0.8207,1
CarLongPlate726_jpg.rf.ac1d61fb062ba873848f01f878fb9cef.jpg,1,1,1,0,0,0.875,1
CarLongPlate732_jpg.rf.b35771638c902a50a466c13e5a40cfae.jpg,1,1,1,0,0,0.841,1
CarLongPlate738_jpg.rf.1cc959448ff3c3b4c77409e05e6c8a03.jpg,1,1,1,0,0,0.8557,1
CarLongPlate760_jpg.rf.dde57c2b80d18d12b6b822f637bed34d.jpg,1,1,1,0,0,0.8701,1
CarLongPlate799_jpg.rf.26c2d251616c9cf1d2f6afe247646005.jpg,1,1,1,0,0,0.8498,1
CarLongPlate800_jpg.rf.606b169671d614e8d77293b2c9bc0e4c.jpg,1,1,1,0,0,0.8245,1
CarLongPlate806_jpg.rf.cf69a55ab9d014c090f94767a4dd96e0.jpg,1,1,1,0,0,0.9547,0
CarLongPlate821_jpg.rf.44b7f0d6bfcb0c716e32e3e0083cffac.jpg,1,1,1,0,0,0.8258,1
CarLongPlate831_jpg.rf.93da1a1621b5e6455237d484ffc4bba5.jpg,1,1,1,0,0,0.8905,1
CarLongPlate83_jpg.rf.edf0533b0b6174e7112fbdad5d54a1e1.jpg,1,1,1,0,0,0.8405,1
CarLongPlate844_jpg.rf.6191741437c20fb6a01d0a57ab4d2019.jpg,1,0,0,1,0,0,0
CarLongPlate857_jpg.rf.717941c1481c8f324c2bd3158b06bae6.jpg,1,1,1,0,0,0.8875,1
CarLongPlate867_jpg.rf.1fadaaa8614224cfa5250981416d6587.jpg,1,1,1,0,0,0.8264,1
CarLongPlate893_jpg.rf.4dffc77739aaa7af12a7be09a4819deb.jpg,1,1,1,0,0,0.8064,1
CarLongPlate903_jpg.rf.b035b980beea9d40d5d74acfd048c7c7.jpg,1,1,1,0,0,0.8407,1
CarLongPlate905_jpg.rf.5ee45976e76bebb73de35c5fc1030a1a.jpg,1,1,1,0,0,0.8886,1
CarLongPlate923_jpg.rf.c95bad38d11392aeddebbc17fd2b1e6c.jpg,1,1,1,0,0,0.8867,1
CarLongPlate926_jpg.rf.72a67fc7b746e6b81b50edc727ebf259.jpg,1,1,1,0,0,0.8933,1
CarLongPlate934_jpg.rf.6a0440a4de181278977732dea4f083f7.jpg,1,1,1,0,0,0.7742,1
CarLongPlate959_jpg.rf.e947ab25f9dc11cc82566aa98e81a55c.jpg,1,1,1,0,0,0.8611,1
CarLongPlate961_jpg.rf.a91c0dfe6c34c416558b27ae1898ef27.jpg,1,1,1,0,0,0.7447,1
CarLongPlate972_jpg.rf.1ebd9cd861ada339960173e6e47560e9.jpg,1,1,1,0,0,0.8712,1
CarLongPlate973_jpg.rf.06396bb393f1d71cd1b3f8166c8aaecf.jpg,1,1,1,0,0,0.9092,1
CarLongPlate979_jpg.rf.e7818749aa97a398663b6b3fe0ce4afc.jpg,1,1,1,0,0,0.7661,1
CarLongPlateGen1002_jpg.rf.2fe29cb87b83999cc3f8d22c8a42cb64.jpg,1,1,1,0,0,0.8388,1
CarLongPlateGen1025_jpg.rf.0b31dcd3414bfa0b1d05568d77bfbd1d.jpg,1,1,1,0,0,0.9156,1
CarLongPlateGen1053_jpg.rf.5c233427846d0b6b4e62e1bf74e9f3ff.jpg,1,1,1,0,0,0.8797,1
CarLongPlateGen1065_jpg.rf.6ed96804e09225f378f5a0b7dac622e0.jpg,1,1,1,0,0,0.8662,1
CarLongPlateGen1066_jpg.rf.b3f9cfb475cab7fabd551293dcd08a29.jpg,1,1,1,0,0,0.912,1
CarLongPlateGen1072_jpg.rf.c739ccefbdfc9e5a9335ef849e51e29e.jpg,1,1,1,0,0,0.858,1
CarLongPlateGen1073_jpg.rf.cbec76e62d985912e7fe8a140a0322c8.jpg,1,1,1,0,0,0.875,1
CarLongPlateGen1109_jpg.rf.4ac96916a38417564894fc1e3be4e213.jpg,1,1,1,0,0,0.7987,1
CarLongPlateGen1116_jpg.rf.8c9956d09fe42a4861f41c806f31a2bf.jpg,1,1,1,0,0,0.9028,1
CarLongPlateGen1121_jpg.rf.72728e6f77d51591ba0b59da0c7c2fb9.jpg,1,1,1,0,0,0.9676,0
CarLongPlateGen1122_jpg.rf.f65ae5a829ee85bc90423a0431cb10a9.jpg,1,1,1,0,0,0.8544,1
CarLongPlateGen1141_jpg.rf.9aec62af20437c45db1deaadd11524cd.jpg,1,1,1,0,0,0.8524,1
CarLongPlateGen1143_jpg.rf.8b8e5cd57c1b9da697d7eb68f8a7247d.jpg,1,1,1,0,0,0.8183,1
CarLongPlateGen1157_jpg.rf.39a1cd2149efe9accf444784ceb55b52.jpg,1,1,1,0,0,0.8929,1
CarLongPlateGen1175_jpg.rf.407ae249c6599dc7c38ec5d8f206f49f.jpg,1,1,1,0,0,0.8954,1
CarLongPlateGen1178_jpg.rf.6cc83484eb3f2027e1576cbff072eac1.jpg,1,1,1,0,0,0.8654,1
CarLongPlateGen1183_jpg.rf.b8f36fcde46260a003678a98a69d4d0a.jpg,1,1,1,0,0,0.6641,1
CarLongPlateGen1205_jpg.rf.2d124654e16ed027e042498260f3d015.jpg,1,1,1,0,0,0.8668,1
CarLongPlateGen1216_jpg.rf.1f45f6051deecebeecec29f65d024835.jpg,1,1,1,0,0,0.9146,1
CarLongPlateGen1219_jpg.rf.f52e66eb0cc046674012449945897fd0.jpg,1,1,1,0,0,0.7781,1
CarLongPlateGen1231_jpg.rf.f8239313ced4abcdd91d73f146f8a12b.jpg,1,1,1,0,0,0.8323,1
CarLongPlateGen1232_jpg.rf.10cead01b69b03a46e55e344e2a372c8.jpg,1,1,1,0,0,0.9332,1
CarLongPlateGen1245_jpg.rf.fd3bcd6141827ba4be02f96160722100.jpg,1,1,1,0,0,0.8881,1
CarLongPlateGen1246_jpg.rf.ffbb409bdd12938596cb1e1433c474ff.jpg,1,1,1,0,0,0.8176,1
CarLongPlateGen1260_jpg.rf.f6751e2300c031e0784fb18461aec535.jpg,1,1,1,0,0,0.8177,1
CarLongPlateGen1264_jpg.rf.1822501c0b3f4d101b13f45fc95b5c02.jpg,1,1,1,0,0,0.815,1
CarLongPlateGen1290_jpg.rf.d0efe0e7f0db44a5b3f4f2af5c25832e.jpg,1,1,1,0,0,0.8474,1
CarLongPlateGen1300_jpg.rf.8700a5a5b4882c3f137ef8a27534a102.jpg,1,1,1,0,0,0.8453,1
CarLongPlateGen1334_jpg.rf.2bf5d060c6fa0b47801bda1da4c052f0.jpg,1,1,1,0,0,0.8533,1
CarLongPlateGen1340_jpg.rf.7e7115edd1cebcc373ccee0ec576a02f.jpg,1,1,1,0,0,0.8817,1
CarLongPlateGen1346_jpg.rf.0070c476472e8da57fccc4caec5c58f3.jpg,1,1,1,0,0,0.8199,1
CarLongPlateGen1356_jpg.rf.a6ee6e8adcc575df56bbf2dd88a8ba49.jpg,1,1,1,0,0,0.7146,1
CarLongPlateGen1365_jpg.rf.cd95ac1dce970c9d893de67187c5be9e.jpg,1,1,1,0,0,0.8036,1
CarLongPlateGen1379_jpg.rf.7da469761b5e0d262a0d6468116ec34b.jpg,1,1,1,0,0,0.8439,1
CarLongPlateGen1387_jpg.rf.73221938cf9a73f441c4391d57b1825f.jpg,1,1,1,0,0,0.8674,1
CarLongPlateGen1417_jpg.rf.d1f4ee3848fdc8a7576214708b8f69d2.jpg,1,1,1,0,0,0.8487,1
CarLongPlateGen1427_jpg.rf.505039b8f1bbc57126e2f13cf4b208a1.jpg,1,1,1,0,0,0.8353,1
CarLongPlateGen1430_jpg.rf.aca3ee7ed21de54a1832a3d930f631d1.jpg,1,1,1,0,0,0.8676,1
CarLongPlateGen1438_jpg.rf.c80e85985f47afc5c0d087ee3c65fac8.jpg,1,1,1,0,0,0.8018,1
CarLongPlateGen1446_jpg.rf.0da2429f6d9f320a5ee43e85445855dc.jpg,1,1,1,0,0,0.9329,1
CarLongPlateGen1447_jpg.rf.aeb5bfd36f2b0a01a53915c147039cf8.jpg,1,1,1,0,0,0.9382,1
CarLongPlateGen1453_jpg.rf.d611aff02d2b418c92f15ae2f337865a.jpg,1,1,1,0,0,0.8793,1
CarLongPlateGen1471_jpg.rf.0ef07d2f474840b454875a345fb800c3.jpg,1,1,1,0,0,0.8996,1
CarLongPlateGen1479_jpg.rf.9ccffca3ab4665b3bbaac7321362fa2c.jpg,1,1,1,0,0,0.9548,0
CarLongPlateGen1483_jpg.rf.0c16ef898c76ddeaa5fc32569d78d6cc.jpg,1,1,1,0,0,0.9061,1
CarLongPlateGen1487_jpg.rf.77af198a7b936d8188de8ec3c786544c.jpg,1,1,1,0,0,0.8258,1
CarLongPlateGen1490_jpg.rf.921fb89bfa68368d1451f6aaa9a9dc9e.jpg,1,1,1,0,0,0.8153,1
CarLongPlateGen1498_jpg.rf.76947f0f3612c37714710ae6880c5fef.jpg,1,1,1,0,0,0.8214,1
CarLongPlateGen1512_jpg.rf.de411938e3382ea72a805b437a3beada.jpg,1,1,1,0,0,0.9676,0
CarLongPlateGen1524_jpg.rf.db853a038bc64dbae08c9ad9f3ced968.jpg,1,1,1,0,0,0.9272,1
CarLongPlateGen1533_jpg.rf.c479d6779f98c6beac9f60e781cbae27.jpg,1,1,1,0,0,0.8149,1
CarLongPlateGen1540_jpg.rf.12392b8d7cb690e198e63cf69b9dcc1e.jpg,1,1,1,0,0,0.696,1
CarLongPlateGen1544_jpg.rf.cb42c72fcd61110b725269816aef3e9e.jpg,1,1,1,0,0,0.9106,1
CarLongPlateGen1557_jpg.rf.38fac962df4ace00be4a233ff9f20b5a.jpg,1,1,1,0,0,0.875,1
CarLongPlateGen1561_jpg.rf.5ba0b17a48044409629617d05d19a2bf.jpg,1,1,1,0,0,0.9038,1
CarLongPlateGen1570_jpg.rf.6bd45fe9eeee271d100165718ff96a3a.jpg,1,1,1,0,0,0.8736,1
CarLongPlateGen1574_jpg.rf.11d61f831026052dcee082c5e6582ae8.jpg,1,1,1,0,0,0.7938,1
CarLongPlateGen1592_jpg.rf.1d12ff5ea9de86fd257c1a2c55925e75.jpg,1,1,1,0,0,0.9344,1
CarLongPlateGen1612_jpg.rf.38b2138b03ff28acdc801baa2a901573.jpg,1,1,1,0,0,0.906,1
CarLongPlateGen1618_jpg.rf.c75f23b38a338997f1b8db92035f4c56.jpg,1,1,1,0,0,0.932,1
CarLongPlateGen1627_jpg.rf.88fc8ab0054a07aed789c3b5e6ed24a8.jpg,1,1,1,0,0,0.8523,1
CarLongPlateGen1634_jpg.rf.bff9fc9f0b834a139bf6c43aa1d09e2b.jpg,1,1,1,0,0,0.796,1
CarLongPlateGen1636_jpg.rf.325df402ed8d88d6eaa0da51c025636a.jpg,1,1,1,0,0,0.8427,1
CarLongPlateGen1639_jpg.rf.a9918255407906a6a86ac657e8f3f8a7.jpg,1,1,1,0,0,0.8679,1
CarLongPlateGen1645_jpg.rf.2d076c9097952cb00b8d4464140a102b.jpg,1,1,1,0,0,0.89,1
CarLongPlateGen1674_jpg.rf.51d1fd13a38f1bed1c54e06d73f70714.jpg,1,1,1,0,0,0.8196,1
CarLongPlateGen1689_jpg.rf.c2ba8c23cd3ae8632aefd21d71d2570c.jpg,1,1,1,0,0,0.8873,1
CarLongPlateGen1698_jpg.rf.d56e6a745adbf5514800fea8144dc0b6.jpg,1,1,1,0,0,0.977,0
CarLongPlateGen1711_jpg.rf.1b26a2920901bd211ca1bd03e97a0b40.jpg,1,1,1,0,0,0.871,1
CarLongPlateGen1720_jpg.rf.5bcb71f482ef73616a967349c08c4b3f.jpg,1,1,1,0,0,0.8053,1
CarLongPlateGen1740_jpg.rf.f5db446c437e0bedaf7fa7256b294516.jpg,1,1,1,0,0,0.8375,1
CarLongPlateGen1747_jpg.rf.8f8564c820d4c9e4e63b63af3eb05319.jpg,1,1,1,0,0,0.7849,1
CarLongPlateGen1766_jpg.rf.be81eb55c6596ee3d882340b0089daa3.jpg,1,1,1,0,0,0.8035,1
CarLongPlateGen1773_jpg.rf.e218bd3f131748b67bdce976e9998fd4.jpg,1,1,1,0,0,0.9101,1
CarLongPlateGen1785_jpg.rf.639358612506b401d93891ea8480e8e5.jpg,1,1,1,0,0,0.9094,1
CarLongPlateGen1789_jpg.rf.10af0e87a71d3fa9999b23ed5df32bc9.jpg,1,1,1,0,0,0.8403,1
CarLongPlateGen1795_jpg.rf.ef7af128c65cfdc9d6c7b76a477afdf0.jpg,1,1,1,0,0,0.835,1
CarLongPlateGen1802_jpg.rf.3d246bba80706810587075d73b17abaa.jpg,1,1,1,0,0,0.9088,1
CarLongPlateGen1812_jpg.rf.cdeede6725fb75f7312d726063ae9aac.jpg,1,1,1,0,0,0.8675,1
CarLongPlateGen1824_jpg.rf.f8c86be3302b7c1d1cad53c43f100ee3.jpg,1,1,1,0,0,0.7892,1
CarLongPlateGen1846_jpg.rf.a6f7968be8c7b7e7b95e872ae48f4935.jpg,1,1,1,0,0,0.8719,1
CarLongPlateGen1849_jpg.rf.b2f56f85e9aafeda3f6743a6a4c72698.jpg,1,1,1,0,0,0.8099,1
CarLongPlateGen1850_jpg.rf.cd5e9bb002ace330bd351b8a1275f276.jpg,1,1,1,0,0,0.676,1
CarLongPlateGen1856_jpg.rf.c4258e18160581367dc5717aee0e18ad.jpg,1,1,1,0,0,0.861,1
CarLongPlateGen1862_jpg.rf.9264b1927291f86692b7bb96567bfcd3.jpg,1,1,1,0,0,0.8264,1
CarLongPlateGen1872_jpg.rf.05857f32813bb1626c7fb586e9ffeef5.jpg,1,1,1,0,0,0.8143,1
CarLongPlateGen1888_jpg.rf.02e276726fb3dbce59529c1d5a5a6d01.jpg,1,1,1,0,0,0.7023,1
CarLongPlateGen1911_jpg.rf.0b087380537ab338f8f97e3565c7ed87.jpg,1,1,1,0,0,0.7719,1
CarLongPlateGen1916_jpg.rf.24a6ee1313aa26ea24ccf350df905ee5.jpg,1,1,1,0,0,0.7564,1
CarLongPlateGen1918_jpg.rf.2d311b0ddbd9c4b70e2a7dc201011231.jpg,1,1,1,0,0,0.8951,1
CarLongPlateGen1943_jpg.rf.05a1b75566f285fb9efd81f9c237827a.jpg,1,1,1,0,0,0.7545,1
CarLongPlateGen1953_jpg.rf.0f40de2285ae11ca8224d9f5e44cf2d8.jpg,1,1,1,0,0,0.855,1
CarLongPlateGen1973_jpg.rf.91dedeceea7432874d4eb62156db3253.jpg,1,1,1,0,0,0.9077,1
CarLongPlateGen1974_jpg.rf.e1120ca20e99ad243597105d2983f02a.jpg,1,1,1,0,0,0.8862,1
CarLongPlateGen1994_jpg.rf.2efc19b65ae765592bae4be6c73032a6.jpg,1,1,1,0,0,0.8183,1
CarLongPlateGen2007_jpg.rf.ea30136faa7278a46ad5fafb09b3791b.jpg,1,1,1,0,0,0.8767,1
CarLongPlateGen2016_jpg.rf.dcab7b3b06d29b6e3843905dede5135c.jpg,1,1,1,0,0,0.8838,1
CarLongPlateGen2028_jpg.rf.358925bebd3fc3bd562fd6639c423a79.jpg,1,1,1,0,0,0.9398,1
CarLongPlateGen2040_jpg.rf.3e24cc1efaa11d3dfea4cc251f468f37.jpg,1,1,1,0,0,0.7826,1
CarLongPlateGen2068_jpg.rf.f5d45d1267a9a6eec019e09d9f845b4b.jpg,1,1,1,0,0,0.7678,1
CarLongPlateGen2072_jpg.rf.62e56843845af5f5918bb58497a4a7f4.jpg,1,1,1,0,0,0.8541,1
CarLongPlateGen2094_jpg.rf.6f7b55fa87d69c77c0a2a67ab3a8d59c.jpg,1,1,1,0,0,0.8558,1
CarLongPlateGen2108_jpg.rf.6e47c467df8d749376e83658415d3546.jpg,1,1,1,0,0,0.9247,1
CarLongPlateGen2113_jpg.rf.2110a03138c4e14be9bee29456529232.jpg,1,1,1,0,0,0.9112,1
CarLongPlateGen2122_jpg.rf.28148473ed18488922ecb8e21130c610.jpg,1,1,1,0,0,0.8636,1
CarLongPlateGen2126_jpg.rf.c9fd7ab00f8f5bfd7ce7ece8c4d7ae04.jpg,1,1,1,0,0,0.9128,1
CarLongPlateGen2146_jpg.rf.f149bcd3e15eb35c68e2f51e89767c9c.jpg,1,1,1,0,0,0.835,1
CarLongPlateGen2150_jpg.rf.9bc8eb5fbcdccbc65fcbee836b05a0c8.jpg,1,1,1,0,0,0.8788,1
CarLongPlateGen2162_jpg.rf.63c6f57ff6992a1b12ef67e050bc6e01.jpg,1,1,1,0,0,0.8989,1
CarLongPlateGen2183_jpg.rf.4e5f51ebabc3dad22392a36b820fad39.jpg,1,1,1,0,0,0.9034,1
CarLongPlateGen2196_jpg.rf.1b9e2c9b86eb428d7d6add88db47ecc5.jpg,1,1,1,0,0,0.8442,1
CarLongPlateGen2197_jpg.rf.bd7a23e2f283b2f85573d19f4c0a27f2.jpg,1,1,1,0,0,0.8468,1
CarLongPlateGen2212_jpg.rf.e4b69c23910c4d46e0a878d7071b44fe.jpg,1,1,1,0,0,0.859,1
CarLongPlateGen2217_jpg.rf.e9721d396e2ddcb61a22b509d151fff1.jpg,1,1,1,0,0,0.8369,1
CarLongPlateGen2231_jpg.rf.df29278348025e1d29a565e170f79f73.jpg,1,1,1,0,0,0.82,1
CarLongPlateGen2237_jpg.rf.06d7adf65d53da24f53fed32110d90c2.jpg,1,1,1,0,0,0.8301,1
CarLongPlateGen2239_jpg.rf.5f904b513c14f6906181a76a2c72faec.jpg,1,1,1,0,0,0.8283,1
CarLongPlateGen2258_jpg.rf.0e72adf9d5ad9e298c7beb4a9e715067.jpg,1,2,1,0,1,0.8883,1
CarLongPlateGen2268_jpg.rf.954f49c534cccfcacad0500879ed6a60.jpg,1,1,1,0,0,0.8503,1
CarLongPlateGen2280_jpg.rf.94ee43545cb01be38ad0356aac7037b5.jpg,1,1,1,0,0,0.8212,1
CarLongPlateGen2296_jpg.rf.fef764eeb4be56963be07d4a1d3a1f4e.jpg,1,1,1,0,0,0.864,1
CarLongPlateGen2302_jpg.rf.cf145a9631813d8dd1b11caa49a421a6.jpg,1,1,1,0,0,0.8033,1
CarLongPlateGen2304_jpg.rf.d97733a5ee58774a35a1ff74f9e1d40c.jpg,1,1,1,0,0,0.8209,1
CarLongPlateGen2310_jpg.rf.f02c052042322b9ea5d166af8f8898bc.jpg,1,1,1,0,0,0.8152,1
CarLongPlateGen2323_jpg.rf.1914d68c91dbd38a393e7fa8120b938b.jpg,1,1,1,0,0,0.8725,1
CarLongPlateGen2328_jpg.rf.30e599ca57ed1584759d6c52601513ea.jpg,1,1,1,0,0,0.8952,1
CarLongPlateGen2350_jpg.rf.bb82e19cab025f1335a8f27f18f5a636.jpg,1,1,1,0,0,0.8794,1
CarLongPlateGen2356_jpg.rf.14b0653ecb31a6ffef9d7556ca6e015c.jpg,1,1,1,0,0,0.9092,1
CarLongPlateGen2379_jpg.rf.97284031aae6ff1bac86595cf8fe45d7.jpg,1,1,1,0,0,0.961,0
CarLongPlateGen2381_jpg.rf.b47b2f90a3a32eb32323a8e96e58a119.jpg,1,1,1,0,0,0.9394,1
CarLongPlateGen2410_jpg.rf.5cdc2e51926256af9bd79a7f4cc676f1.jpg,1,1,1,0,0,0.8927,1
CarLongPlateGen2439_jpg.rf.6a0b62dd6e099da9e9fb3790f26f6ace.jpg,1,1,1,0,0,0.8909,1
CarLongPlateGen2492_jpg.rf.b25c3a8e05a42d822a059797cffd6eb7.jpg,1,1,1,0,0,0.8107,1
CarLongPlateGen2508_jpg.rf.a7f0899c536f52ec08b731083c461f06.jpg,1,1,1,0,0,0.7769,1
CarLongPlateGen2577_jpg.rf.e24e0e4356f004720e8a339b75d66b94.jpg,1,1,1,0,0,0.8452,1
CarLongPlateGen2586_jpg.rf.246a52ad056c9d0078af93c1dd34c899.jpg,1,1,1,0,0,0.6862,1
CarLongPlateGen2591_jpg.rf.7ba3142d3ffbbe92c863c0b1525294ce.jpg,1,0,0,1,0,0,0
CarLongPlateGen2595_jpg.rf.2816f990161e0d8893fecd3ed7c6ba38.jpg,1,1,1,0,0,0.8864,1
CarLongPlateGen2601_jpg.rf.9f355ac9f9da043106e9b31f28b8dec8.jpg,1,1,1,0,0,0.7398,1
CarLongPlateGen2602_jpg.rf.800191de70b6745e92ec5ae601f12e33.jpg,1,1,1,0,0,0.7043,1
CarLongPlateGen2611_jpg.rf.73b6995392867ef6a39fcc353ee22d41.jpg,1,1,1,0,0,0.7035,1
CarLongPlateGen2622_jpg.rf.ae153d5316d7f19ba19fe51a74717a6a.jpg,1,1,1,0,0,0.9318,1
CarLongPlateGen2648_jpg.rf.5009335a4bcbe94102ff49fa18a0c0f6.jpg,1,1,1,0,0,0.7637,1
CarLongPlateGen2649_jpg.rf.943ce14b57002ce035d35cdaeb7d0ee1.jpg,1,1,1,0,0,0.7634,1
CarLongPlateGen2651_jpg.rf.f9aaa84ef59eeeba0f259126adc7d78b.jpg,1,1,1,0,0,0.889,1
CarLongPlateGen2653_jpg.rf.193e3044671eab81b31b79841e437ec5.jpg,1,1,1,0,0,0.7515,1
CarLongPlateGen2673_jpg.rf.cecc5b209ab74e031009e0af36d42710.jpg,1,1,1,0,0,0.8297,1
CarLongPlateGen2690_jpg.rf.c78c8fe3148678066ee0090f66b7d505.jpg,1,1,1,0,0,0.852,1
CarLongPlateGen2695_jpg.rf.08da95274df6d79faece1813ae567f6f.jpg,1,1,1,0,0,0.6775,1
CarLongPlateGen2711_jpg.rf.d790e88b95784f80fa1096a3f5615041.jpg,1,1,1,0,0,0.8943,1
CarLongPlateGen2729_jpg.rf.2f5f9c5827291ae2d5e3ddd9ea25420c.jpg,1,1,1,0,0,0.8198,1
CarLongPlateGen2733_jpg.rf.127e5eb807009b962881491d09d3c3cf.jpg,1,1,1,0,0,0.9155,1
CarLongPlateGen2735_jpg.rf.1ecf5e966fb81401d3a9efd257ab8712.jpg,1,1,1,0,0,0.8075,1
CarLongPlateGen2746_jpg.rf.03fbe76cab2cd229e3ed2581211d3548.jpg,1,1,1,0,0,0.9123,1
CarLongPlateGen2764_jpg.rf.8973ed4cf8f437c33da646855d3f6ebf.jpg,1,1,1,0,0,0.892,1
CarLongPlateGen2768_jpg.rf.3a2c5355b391d7e873de8d3b4d81170a.jpg,1,1,1,0,0,0.8687,1
CarLongPlateGen2774_jpg.rf.2f427cfc733e7247f01e67e4cc220575.jpg,1,1,1,0,0,0.8825,1
CarLongPlateGen2780_jpg.rf.d18eb92e91a374fd55bb01d9dcf78645.jpg,1,1,1,0,0,0.7996,1
CarLongPlateGen2794_jpg.rf.c918ef4921857060ef8a5ee70275eaad.jpg,1,1,1,0,0,0.8606,1
CarLongPlateGen2812_jpg.rf.c6f877ae0bb5ad836820431b38123f8a.jpg,1,1,1,0,0,0.8528,1
CarLongPlateGen2814_jpg.rf.fef46781b5167b2702da70601fb5fc17.jpg,1,1,1,0,0,0.7969,1
CarLongPlateGen2825_jpg.rf.fc6ec57599e5b982b680144d33b189f2.jpg,1,1,1,0,0,0.8699,1
CarLongPlateGen2828_jpg.rf.d698128668ad94998ebe2548fa0c2c2c.jpg,1,1,1,0,0,0.7426,1
CarLongPlateGen2834_jpg.rf.af7c1e87149265225c12c0bb51d7de27.jpg,1,1,1,0,0,0.9299,1
CarLongPlateGen2837_jpg.rf.ed2be3a6fb2f601c5c4f86f3d2d14c4c.jpg,1,1,1,0,0,0.7139,1
CarLongPlateGen2855_jpg.rf.1e50c2163ec9cd562a56bf66fa4d0aee.jpg,1,1,1,0,0,0.8956,1
CarLongPlateGen2861_jpg.rf.a551097cdbb2d98933fe7d367492ff9d.jpg,1,1,1,0,0,0.8464,1
CarLongPlateGen2862_jpg.rf.8ff748fa2f0262dfc2bc1ea6904b6001.jpg,1,1,1,0,0,0.8065,1
CarLongPlateGen2867_jpg.rf.a081ef25b9e0e0ec05035ed6ab5d2fe6.jpg,1,1,1,0,0,0.7369,1
CarLongPlateGen2875_jpg.rf.ee4c44fcdbb1a052c10b2aa70cec8d13.jpg,1,1,1,0,0,0.9224,1
CarLongPlateGen2882_jpg.rf.beb0d84aa15686cdf64802155539fda6.jpg,1,1,1,0,0,0.6945,1
CarLongPlateGen2883_jpg.rf.8c864f8001756293ffa104b489d0340f.jpg,1,1,1,0,0,0.6967,1
CarLongPlateGen2893_jpg.rf.69ea6e4d8d50b72eb204d8df71a18046.jpg,1,1,1,0,0,0.7405,1
CarLongPlateGen2903_jpg.rf.f5d11809a17e20a5a326855677b82189.jpg,1,1,1,0,0,0.828,1
CarLongPlateGen2942_jpg.rf.42208aad8d73566bf4d1c967758166d1.jpg,1,1,1,0,0,0.6353,1
CarLongPlateGen2943_jpg.rf.971acc0d7e4d89c5dd17234b8b2054d1.jpg,1,1,1,0,0,0.8423,1
CarLongPlateGen2952_jpg.rf.cf0ef810fcfdbf4466ddf9cd1de130e7.jpg,1,1,1,0,0,0.9016,1
CarLongPlateGen2960_jpg.rf.4f19dbad7b150b3a6c084e0589e99851.jpg,1,1,1,0,0,0.8136,1
CarLongPlateGen2974_jpg.rf.53561b93f68e33a02b3cdc580ed1507a.jpg,1,1,1,0,0,0.7004,1
CarLongPlateGen2985_jpg.rf.07a45f1c4af037fa0a110324320826f6.jpg,1,1,1,0,0,0.8148,1
CarLongPlateGen3012_jpg.rf.fab5201eb8e43fb639f382b29d45cccd.jpg,1,1,1,0,0,0.8691,1
CarLongPlateGen3014_jpg.rf.3bccf03bfb1e2ee515149f91120fa705.jpg,1,1,1,0,0,0.719,1
CarLongPlateGen3020_jpg.rf.f27b1411b9f4bfd5402a772477d6b388.jpg,1,1,1,0,0,0.8226,1
CarLongPlateGen3022_jpg.rf.efc0f3bc0f741561584efc10cde60a6f.jpg,1,1,1,0,0,0.7424,1
CarLongPlateGen3025_jpg.rf.c19df8c7ccfe5ee7400d0ccec2d04e91.jpg,1,1,1,0,0,0.7237,1
CarLongPlateGen3029_jpg.rf.8e68c09bf0d8f32d0cd7a2719c72de39.jpg,1,1,1,0,0,0.8633,1
CarLongPlateGen3049_jpg.rf.7800e3cd3cc15c26d791ccce879f3312.jpg,1,1,1,0,0,0.8634,1
CarLongPlateGen3076_jpg.rf.c0d1bf3fcac1fab83fd729b041d64230.jpg,1,1,1,0,0,0.8183,1
CarLongPlateGen3083_jpg.rf.b8350fe1775ef8c9b68fc115f29c9c3f.jpg,1,1,1,0,0,0.7661,1
CarLongPlateGen3104_jpg.rf.68c5ea99dd84d1893ae45f9edb0edd96.jpg,1,1,1,0,0,0.9042,1
CarLongPlateGen3117_jpg.rf.511f4b3a503c16a0c3e4d4431572fd38.jpg,1,1,1,0,0,0.8217,1
CarLongPlateGen3119_jpg.rf.7c6f9188a0837eb57d634f11eef5d9a1.jpg,1,1,1,0,0,0.7937,1
CarLongPlateGen3120_jpg.rf.326a9ff700bfe15b0266148692392a1e.jpg,1,1,1,0,0,0.8039,1
CarLongPlateGen3121_jpg.rf.7bec5a7e9c4d9fe4dd33cb70af6cc797.jpg,1,1,1,0,0,0.7479,1
CarLongPlateGen3125_jpg.rf.b964a2cc5051b0a35776dca6d20be8bb.jpg,1,1,1,0,0,0.8859,1
CarLongPlateGen3128_jpg.rf.d759d75673ce42021d2ce4f7b4a69fa0.jpg,1,1,1,0,0,0.8443,1
CarLongPlateGen3131_jpg.rf.6be6eb0e131c56bafcde12d9b19d6f62.jpg,1,1,1,0,0,0.7781,1
CarLongPlateGen3151_jpg.rf.ebcdbb6ed6c952425480957f301e5339.jpg,1,1,1,0,0,0.8097,1
CarLongPlateGen3161_jpg.rf.3feabf82d48fcdd16f3ef97030e20ced.jpg,1,1,1,0,0,0.7537,1
CarLongPlateGen3205_jpg.rf.91fd590c1755a8da82daeda18af78874.jpg,1,1,1,0,0,0.8262,1
CarLongPlateGen3206_jpg.rf.092ccd0ab57d61e0fbd1c8ab8abccfd6.jpg,1,1,1,0,0,0.9045,1
CarLongPlateGen3207_jpg.rf.915d140b21bfce7c1de980df225b1fcf.jpg,1,1,1,0,0,0.8243,1
CarLongPlateGen3245_jpg.rf.f4e7d2712d0280614c96633f77d68b3f.jpg,1,1,1,0,0,0.7972,1
CarLongPlateGen3246_jpg.rf.55160cab3f6bb3adc8003ab2305561ee.jpg,1,1,1,0,0,0.7816,1
CarLongPlateGen3247_jpg.rf.d7afcb672753024fd9454c9774824e48.jpg,1,1,1,0,0,0.7799,1
CarLongPlateGen3262_jpg.rf.ad5206b17ace46fa1c7b3c90187f351e.jpg,1,1,1,0,0,0.9172,1
CarLongPlateGen3265_jpg.rf.31035b79105ee6f0336d25a1d979c469.jpg,1,1,1,0,0,0.8016,1
CarLongPlateGen3277_jpg.rf.d63a930ae730eefa7bc1c94f5b65fae9.jpg,1,1,1,0,0,0.7803,1
CarLongPlateGen3279_jpg.rf.42afa0563da40015e9ddf61200c15716.jpg,1,1,1,0,0,0.853,1
CarLongPlateGen3287_jpg.rf.78972d72759f5a34b69e925b52c87c16.jpg,1,1,1,0,0,0.782,1
CarLongPlateGen3297_jpg.rf.f74bd8808fcc54538fe45d8a37a28b69.jpg,1,1,1,0,0,0.9346,1
CarLongPlateGen3298_jpg.rf.c683b39f22040d2ba9fce2c231775b28.jpg,1,1,1,0,0,0.8826,1
CarLongPlateGen3301_jpg.rf.a06f1a85d2ffeeb68af18bc4e9102e48.jpg,1,1,1,0,0,0.9664,0
CarLongPlateGen3305_jpg.rf.3939feecfa5c856da36b14e18bad4af7.jpg,1,1,1,0,0,0.8379,1
CarLongPlateGen3308_jpg.rf.9112fb9525eec4f739d30ce037e8861b.jpg,1,1,1,0,0,0.9212,1
CarLongPlateGen3312_jpg.rf.d13198bc45838957ac1f06f6a0fb1e35.jpg,1,1,1,0,0,0.7856,1
CarLongPlateGen3324_jpg.rf.5e6d3d1bd7b6238dda215c79d202c6be.jpg,1,1,1,0,0,0.7897,1
CarLongPlateGen3341_jpg.rf.ff8b44a5f7bf47be7d79009dba792d90.jpg,1,1,1,0,0,0.7839,1
CarLongPlateGen3355_jpg.rf.93bc2194eb79834d571fc3becc23061f.jpg,1,1,1,0,0,0.7927,1
CarLongPlateGen3368_jpg.rf.e140dad84d509a5509d7900959acc529.jpg,1,1,1,0,0,0.8207,1
CarLongPlateGen3379_jpg.rf.3ebfdddbe87b53ef0619d30f77f2801f.jpg,1,1,1,0,0,0.8717,1
CarLongPlateGen3390_jpg.rf.5c90b25ec2c5bbc0ce2a45afccfb6f49.jpg,1,1,1,0,0,0.8732,1
CarLongPlateGen3407_jpg.rf.965b149d608730e292ba79857b9c93c1.jpg,1,1,1,0,0,0.8719,1
CarLongPlateGen3418_jpg.rf.fa04772520998eca47caa648c827fcd7.jpg,1,1,1,0,0,0.734,1
CarLongPlateGen3419_jpg.rf.dc047bbcb67829418a73d9382a3ee717.jpg,1,1,1,0,0,0.8455,1
CarLongPlateGen3437_jpg.rf.337ce0f403c707334a1e4625b9d5370e.jpg,1,1,1,0,0,0.7927,1
CarLongPlateGen3439_jpg.rf.83450f9ed578a69a590cbefbfacb4af7.jpg,1,1,1,0,0,0.8527,1
CarLongPlateGen3443_jpg.rf.99023ce54f331c32354f9a599d2c65a4.jpg,1,1,1,0,0,0.861,1
CarLongPlateGen3446_jpg.rf.408ee88e6379e54fd09a91bdd3dc05b9.jpg,1,1,1,0,0,0.7731,1
CarLongPlateGen3467_jpg.rf.f2a4d595e63bebd2d0e78a7ae4a554f8.jpg,1,1,1,0,0,0.8876,1
CarLongPlateGen3468_jpg.rf.82fca7fd30c7c72eca38b099503f4476.jpg,1,1,1,0,0,0.8295,1
CarLongPlateGen3505_jpg.rf.438d2b0413bb98415ee554b78bdf4f30.jpg,1,1,1,0,0,0.7289,1
CarLongPlateGen3507_jpg.rf.387621eb883058f8d223779bfd92b9e3.jpg,1,1,1,0,0,0.8581,1
CarLongPlateGen3508_jpg.rf.72b4489f8e40886e9f163718dfeb3beb.jpg,1,1,1,0,0,0.7438,1
CarLongPlateGen3513_jpg.rf.5f44f7b4b85e7020792cb9546a136b3d.jpg,1,1,1,0,0,0.7517,1
CarLongPlateGen3516_jpg.rf.756f8302f388f62a43625e7e731f8ae6.jpg,1,1,1,0,0,0.8836,1
CarLongPlateGen3526_jpg.rf.5b4aab477213778c885429d6ee2cee95.jpg,1,1,1,0,0,0.7553,1
CarLongPlateGen3528_jpg.rf.652b79aa4e0a63d75ac1c93c12d0af30.jpg,1,1,1,0,0,0.8839,1
CarLongPlateGen3535_jpg.rf.c09b3b4defecedb452d096c257cbe3c9.jpg,1,1,1,0,0,0.8097,1
CarLongPlateGen3538_jpg.rf.c98e0dfba890cb5939581e84ea298b55.jpg,1,1,1,0,0,0.9694,0
CarLongPlateGen3551_jpg.rf.e67601b602f4ba69b55f2eab4c2fcf9a.jpg,1,1,1,0,0,0.8399,1
CarLongPlateGen3579_jpg.rf.aec6916cf62de82fca96fb50306d080d.jpg,1,1,1,0,0,0.6723,1
CarLongPlateGen3589_jpg.rf.7e1d1ca57e9d2111145d8a5eed460919.jpg,1,1,1,0,0,0.7821,1
CarLongPlateGen3612_jpg.rf.ba2f6e857ed0fc17283063f55a1370bd.jpg,1,1,1,0,0,0.8927,1
CarLongPlateGen3621_jpg.rf.31c714ba44f1a8cab6e441449acc9cae.jpg,1,1,1,0,0,0.7176,1
CarLongPlateGen3630_jpg.rf.c3525ce7cf83fb4bd072fd4012585079.jpg,1,1,1,0,0,0.7281,1
CarLongPlateGen3659_jpg.rf.c6d1600662c161ab6050389e6e3ab25d.jpg,1,1,1,0,0,0.8359,1
CarLongPlateGen3661_jpg.rf.e118e2fff3f66a98b8e057f6c21e8d56.jpg,1,1,1,0,0,0.8509,1
CarLongPlateGen3669_jpg.rf.beff868b716eb1b3def72f89a77e5e52.jpg,1,1,1,0,0,0.8003,1
CarLongPlateGen3687_jpg.rf.3a3486887e5572ec80518b7383b95d34.jpg,1,1,1,0,0,0.878,1
CarLongPlateGen3695_jpg.rf.bdd022a65d2790bf8bcfc04ab457c9c2.jpg,1,1,1,0,0,0.704,1
CarLongPlateGen3704_jpg.rf.30a3f54c7cbb17a43aad01157e31e655.jpg,1,1,1,0,0,0.7726,1
CarLongPlateGen3713_jpg.rf.51252802063a8f20bb43eecc43452416.jpg,1,1,1,0,0,0.7601,1
CarLongPlateGen3722_jpg.rf.e9b1f745d8cd18c95fcf06685bd6b9bd.jpg,1,1,1,0,0,0.8048,1
CarLongPlateGen3724_jpg.rf.e3b6f28ad6401152aa3a8c1d48e61461.jpg,1,1,1,0,0,0.8768,1
CarLongPlateGen3731_jpg.rf.efeae707b713ce8a5cbb8cfc128b7843.jpg,1,1,1,0,0,0.8866,1
CarLongPlateGen3746_jpg.rf.73ee808236ef7eac903efede30a3c750.jpg,1,1,1,0,0,0.6501,1
CarLongPlateGen3780_jpg.rf.ef18d3bde52a0f092493043d5a2bd530.jpg,1,1,1,0,0,0.736,1
CarLongPlateGen3878_jpg.rf.204a820f53a0a6a57acbe5a7cbedf53e.jpg,1,1,1,0,0,0.8018,1
Cars111_png_jpg.rf.090713df5c9387fecb935cfda96aff4a.jpg,1,1,1,0,0,0.7692,1
Cars128_png_jpg.rf.e876dd9f1ea12d84611cb5b3fcca2e46.jpg,1,1,1,0,0,0.7159,1
Cars12_png_jpg.rf.725abb40c0373e01864e3606555646a0.jpg,1,1,1,0,0,0.9782,0
Cars167_png_jpg.rf.96a8667a3cf5f48d2a3b563a92fc676c.jpg,1,1,1,0,0,0.8075,1
Cars182_png_jpg.rf.6e977b7e8c43c77036124fefea28d80d.jpg,1,1,1,0,0,0.6789,1
Cars192_png_jpg.rf.005c0aaba03c0cf6da2f72c615f5d852.jpg,1,1,1,0,0,0.8429,1
Cars194_png_jpg.rf.532b30e0b4c798feaf44f5aba7b5c280.jpg,1,1,1,0,0,0.7584,1
Cars22_png_jpg.rf.a72fe5f646477ed97c0c29a452e70ec6.jpg,1,1,1,0,0,0.6286,1
Cars262_png_jpg.rf.6a46e399934b5d81ff609e7b8df2d902.jpg,1,1,1,0,0,0.5959,1
Cars289_png_jpg.rf.9528c649f8d5c9d60494968540ce9648.jpg,1,1,1,0,0,0.8942,1
Cars351_png_jpg.rf.ea2e1b4dbd1744177289996a4c3144e3.jpg,1,1,1,0,0,0.9354,1
Cars365_png_jpg.rf.90a6e43399472bc6c7e567329e121dec.jpg,1,1,1,0,0,0.7449,1
Cars41_png_jpg.rf.0ca1401d2eb4dd0cf6fa7eb38922957d.jpg,1,1,1,0,0,0.5727,1
Cars430_png_jpg.rf.be678ff8bc76a0d17a621f34209c8b5e.jpg,1,1,1,0,0,0.8165,1
Cars7_png_jpg.rf.2a42fd96a30fd519788317f8cfef78b1.jpg,1,1,1,0,0,0.5663,1
Cars83_png_jpg.rf.b74aa61cc71647066a5eaf4e3b174682.jpg,1,1,1,0,0,0.7902,1
Cars85_png_jpg.rf.940e55b018ec8dc10c70df891781dbbc.jpg,2,1,1,1,0,0.7406,1
Cars86_png_jpg.rf.0c3529aff8f779d92c674da25c1f0c95.jpg,1,1,1,0,0,0.7087,1
CP_Blog_Image_2018_License_EVSROCK_jpg.rf.93096d3321eb41a542d21ef3e43feefd.jpg,1,1,1,0,0,0.8167,1
cropngoaigiao3_jpg.rf.3d4ed1e03c772e90d3dbf7f120828411.jpg,1,1,1,0,0,0.8408,1
cropngoaigiao5_jpg.rf.2d8e0bf3d5a5a50a098b73b1356f675e.jpg,1,1,1,0,0,0.8493,1
cropquandoi107_jpg.rf.28047dd9334cca53e834e7fd88008c6d.jpg,2,1,1,1,0,0.8978,1
cropquandoi73_jpg.rf.6349d08b0e5d12df2c9c6096479a3c6a.jpg,1,1,1,0,0,0.6329,1
Do-20You-20Need-20a-20Digital-20License-20Plate_-20One-20Sta_jpg.rf.61d0964983da13160f168ff12b430f24.jpg,1,1,1,0,0,0.7224,1
EMOTION_jpg.rf.72a9419de00f361416f7ca1da945eecc.jpg,1,1,1,0,0,0.7771,1
FAG643_jpg.rf.02840d37ed45f10cd6d1403f36d62774.jpg,1,1,1,0,0,0.8061,1
GPG_jpg.rf.6ebef7d85cc4d384d73b91892ef98b2e.jpg,2,1,1,1,0,0.7258,1
GS4HE_jpg.rf.c495b5d3acc11803ec49a578c0c942de.jpg,1,1,1,0,0,0.7937,1
How-20to-20hide-20your-20front-20plate-20and-20still-20be_yy_jpg.rf.05f6ada5ea0d127919b87a1d9ca863b5.jpg,1,1,1,0,0,0.6201,1
image19_jpeg_jpg.rf.d2ffa671d04b33655c5b48c1e0602838.jpg,1,1,1,0,0,0.9326,1
image24_jpeg_jpg.rf.0051bfdaa975eb968a84d54bfaaf131b.jpg,1,1,1,0,0,0.8782,1
images29_jpg.rf.03050774ab942bb73fd10926bd3a1ed6.jpg,1,1,1,0,0,0.977,0
images33_jpg.rf.c1d4adbb3be353e5cad2966b9e7808d4.jpg,1,1,1,0,0,0.9116,1
images37_jpg.rf.0d9a052b2f3a7a8ff8a7dcb971278906.jpg,1,1,1,0,0,0.6949,1
IMG_6993-conv_jpeg_jpg.rf.7e6de90df8d86def3cc5ba4e066a13b3.jpg,1,0,0,1,0,0,0
IMG_7003-conv_jpeg_jpg.rf.7f7a9569d71c104911da99ba86b7f2f7.jpg,1,0,0,1,0,0,0
IMG_7005-conv_jpeg_jpg.rf.3095811b363c677b1d800bc97ffcedbb.jpg,1,1,1,0,0,0.8306,1
IMG_7030-conv_jpeg_jpg.rf.b68c11991ec14175cbc5bf1f3bfffb71.jpg,1,1,1,0,0,0.7959,1
IMG_7038-conv_jpeg_jpg.rf.9a170da5ab36a8668db217bd72f05dfa.jpg,1,1,1,0,0,0.9454,1
IMG_7039-conv_jpeg_jpg.rf.e7fa02ae2aa843c3cf37b3e018dfbe11.jpg,1,0,0,1,0,0,0
IMG_7063-conv_jpeg_jpg.rf.f457154510d8b99980f6cb2ce3402247.jpg,1,1,1,0,0,0.88,1
J75665_jpg.rf.7e5b02352df2d92996139fcff333a4cf.jpg,1,1,1,0,0,0.8837,1
Japanese-20License-20Plates-20-20Custom-20Japanese-20License-20P-20-1-_jpg.rf.dd7c8f7703422bdbd5860afb9334d2a5.jpg,1,1,1,0,0,0.8825,1
Knowing-20What-20You-20Can-20and-20Cannot-20Do-20With-20Your_png_jpg.rf.d47784fdcafa2a1a9efb0d1fbe951a20.jpg,1,1,1,0,0,0.5959,1
ngoaigiao0_jpg.rf.c7d76acbe99ceaa783ce7568b7ae71f6.jpg,1,1,1,0,0,0.824,1
ngoaigiao11_jpg.rf.ae0a6ea4d1fd85cf38ca74ad00824e66.jpg,2,2,2,0,0,0.8244,2
ngoaigiao2_jpg.rf.f49b67c106beb74534dbd7485b2ea661.jpg,1,1,1,0,0,0.7622,1
ngoaigiao8_jpg.rf.abda63b5ffbe0aaa969c9992e29183b7.jpg,1,1,1,0,0,0.9158,1
pic_030_jpg.rf.70e9bfef6a3f3bce8e456f6cbd4c5442.jpg,1,1,1,0,0,0.861,1
pic_040_jpg.rf.caf00e592207988fd23b8aac3ff5650b.jpg,1,1,1,0,0,0.8341,1
pic_052_jpg.rf.3a2f1ad50ed6f9dbb6731ad22f90388f.jpg,1,1,1,0,0,0.718,1
pic_062_jpg.rf.0402fcedfd68a9a1af4209d27780bc49.jpg,1,1,1,0,0,0.7862,1
pic_074_jpg.rf.f0845c5ef008503a6dc172fb2a016e15.jpg,2,2,2,0,0,0.8805,2
pic_076_jpg.rf.91232c4bfbcd5aad184c6dc7bcfed23d.jpg,1,1,1,0,0,0.8914,1
pic_099_jpg.rf.1a0bb5d5cde1ea4a471959946b0f2f24.jpg,1,1,1,0,0,0.9162,1
pic_102_jpg.rf.01431b9af693f31cbbe7fcbc5b38a759.jpg,1,1,1,0,0,0.8729,1
pic_108_jpeg_jpg.rf.ff96c2816fdf78059ccb0bf18070351a.jpg,1,1,1,0,0,0.825,1
pic_114_jpg.rf.5eea349d90febc08d4fd7e38a6405ad4.jpg,1,1,1,0,0,0.9294,1
pic_121_jpg.rf.02c3be8fdb6eb0bef4728353b60e1f27.jpg,1,1,1,0,0,0.7428,1
pic_124_jpg.rf.c8cb841551b11ced262400dfa33dcd4b.jpg,1,1,1,0,0,0.8642,1
pic_125_jpg.rf.bb69623949b2a19c25bc6664f0d2ddb9.jpg,1,1,1,0,0,0.928,1
pic_127_jpg.rf.dbd14cac3c958391cafa6e7c04f94e60.jpg,2,2,2,0,0,0.8569,2
pic_128_jpg.rf.c20a0f69d9110ea8364f0a014856b6d3.jpg,1,1,1,0,0,0.9191,1
pic_133_jpg.rf.d54d91da86a6172e067392c848ee2699.jpg,1,1,1,0,0,0.9648,0
pic_144_jpg.rf.a4bd78564521bc40c1d481875b806fa4.jpg,1,1,1,0,0,0.9436,1
pic_145_jpg.rf.c02be1563cef0b76f7b1a241174173ff.jpg,1,1,1,0,0,0.7969,1
pic_180_jpg.rf.36ed1f05e3192b1f59c200c29c7be4e1.jpg,1,1,1,0,0,0.9347,1
pic_190_jpg.rf.bd49d7ad7cd9110ea0659fd9ca86c529.jpg,1,1,1,0,0,0.8666,1
pic_202_jpg.rf.b73ba76ea242ff43a67506a441c0883c.jpg,1,1,1,0,0,0.5683,1
pic_206_jpg.rf.92079f2d0eeac47b03d24ac8c69de25d.jpg,1,1,1,0,0,0.8967,1
pic_231_jpg.rf.37b30ab9775fd13101a487dee5c94d00.jpg,1,1,1,0,0,0.8582,1
pic_238_jpg.rf.7e1b54d9fc2d67c95e36257e1fc7c6a5.jpg,1,1,1,0,0,0.8619,1
pic_261_jpg.rf.f8ba8cb0b3951ed1b312c1e526eda3c4.jpg,1,1,1,0,0,0.946,1
pic_274_jpg.rf.b575375f7d593176070a7a71f0c2f82c.jpg,2,2,2,0,0,0.8911,2
pic_277_jpg.rf.2a073c790f09c775c5f14d1190dc77d4.jpg,1,1,1,0,0,0.7847,1
pic_308_jpg.rf.2fdd391ec9abbe6b5805ac74e98856ab.jpg,1,1,1,0,0,0.8762,1
pic_310_jpg.rf.79c5eb2750caef727fd2ed802950b538.jpg,1,1,1,0,0,0.9037,1
pic_329_jpg.rf.94471058dcbc0dea96bc6dc707cc066c.jpg,1,1,1,0,0,0.8868,1
pic_335_jpg.rf.1f754c7297111e106d3894797027f280.jpg,1,1,1,0,0,0.8244,1
pic_341_jpg.rf.1f2927bae4e632cad4bd6f4811179880.jpg,1,1,1,0,0,0.8475,1
pic_361_jpg.rf.f29b2b5af2646e80dcd18c4d74e7d668.jpg,2,1,1,1,0,0.8357,1
pic_374_jpg.rf.725bdc2b260cd18ff2943bcf84cb5b6f.jpg,1,0,0,1,0,0,0
pic_391_jpg.rf.5b42825b95a9160730f926396f53ce74.jpg,1,1,1,0,0,0.5352,1
pic_407_jpg.rf.0e2ef473e0ce0b3c4e92123bddd3a9d9.jpg,1,1,1,0,0,0.7558,1
pic_412_jpg.rf.f769a77eb2207400dd2a5400fee919b5.jpg,2,2,2,0,0,0.8746,2
pic_416_jpg.rf.a939588aa73d2349e430062ac821fc82.jpg,1,1,1,0,0,0.8003,1
pic_458_jpg.rf.1020b61372085698b31e3a7b71b027a7.jpg,1,1,1,0,0,0.661,1
pic_464_jpg.rf.c664bc4b6c282198481d3cf2841bf9b0.jpg,1,1,1,0,0,0.7406,1
pic_494_jpg.rf.786a69c023e07720364ec2535bac8ae5.jpg,1,1,1,0,0,0.8316,1
pic_499_jpg.rf.c9c833cb52b48da90ec5f1b78a4a8940.jpg,1,1,1,0,0,0.7415,1
pic_511_jpg.rf.0a617444b193301baba9a75d04590406.jpg,1,1,1,0,0,0.8868,1
pic_529_jpg.rf.ffdcd7068bcb72db1058fb92ead48154.jpg,1,1,1,0,0,0.8323,1
pic_543_jpg.rf.1d4f8d1fab1be94d83ef765ca0e07fcc.jpg,1,1,1,0,0,0.6246,1
pic_565_jpg.rf.c8935a9a74af8e0831d988de2d920a22.jpg,1,1,1,0,0,0.8193,1
pic_566_jpg.rf.dfbf8864e8f5ec1f2a96ce7860763d73.jpg,1,1,1,0,0,0.9329,1
pic_575_jpg.rf.dbe6f22f73d4ffad6834bc62295d770d.jpg,1,1,1,0,0,0.6926,1
pic_595_jpg.rf.c700acf6a9be6f9dc7060382d5ee3db2.jpg,2,2,2,0,0,0.879,2
pic_610_jpg.rf.2805f8cfab7824ef843f45c3efb57732.jpg,1,1,1,0,0,0.8881,1
pic_628_jpg.rf.cf57ae92c2769c7e07bcfd6f8ec9a96a.jpg,1,1,1,0,0,0.7539,1
pic_636_jpg.rf.c4f3303fb3582051849f2b4f7484dc7c.jpg,1,1,1,0,0,0.9715,0
pic_653_jpeg_jpg.rf.6665923b21cf0b9ab7ff6073334ccb7a.jpg,1,1,1,0,0,0.8464,1
pic_666_jpg.rf.609061b07a3a1b8178ef62a5d5bacbdd.jpg,1,1,1,0,0,0.6711,1
pic_670_jpg.rf.6d5989adab681112a26289a4f0c35a6d.jpg,1,1,1,0,0,0.8355,1
pic_683_jpg.rf.202701461998508ec50c4a6a95eedee3.jpg,1,1,1,0,0,0.8126,1
pic_684_jpg.rf.87e2d0fcb12ae75312f8adfa625e583b.jpg,1,1,1,0,0,0.742,1
pic_689_jpg.rf.fe256035e5a81c4d453ae59c7b0ab7c4.jpg,1,1,1,0,0,0.7802,1
pic_706_jpg.rf.e0fefeec4b5322bfda249dda84bd23ef.jpg,2,2,2,0,0,0.8699,2
pic_716_jpg.rf.3bb989aa6c87b0bdee0e0b679d27e288.jpg,1,1,0,1,1,0,0
pic_742_jpg.rf.aa6ed6c69e11e6ce8aaef99d47ba5998.jpg,1,1,1,0,0,0.8358,1
pic_761_jpg.rf.5d9cf9829995b434a801e42024c5223c.jpg,1,1,1,0,0,0.7435,1
pic_773_jpg.rf.5f7c227dd125f8234c7789f6154c8ee3.jpg,1,1,1,0,0,0.7732,1
quandoi41_jpg.rf.55ccf5af3ac359a9d2188d0f1dcb4f16.jpg,1,1,1,0,0,0.8916,1
quandoi45_jpg.rf.0864b8a0788ad038cdd6d4479a724a7b.jpg,1,1,1,0,0,0.8322,1
quandoi88_jpg.rf.6cff138a91c7fb2844d3960b85eea9d1.jpg,1,1,1,0,0,0.8152,1
TOYDR_jpg.rf.5a9a21e1a324246fc979f2904cffff85.jpg,1,1,1,0,0,0.774,1
WhatsApp-Image-2022-04-04-at-1-29-25-PM_jpeg_jpg.rf.298f25775327172832b63c10c98cd2c3.jpg,1,1,1,0,0,0.893,1
WhatsApp-Image-2022-04-04-at-2-25-05-PM_jpeg_jpg.rf.f6d23a7126f57d40a84d07ed222828bc.jpg,1,0,0,1,0,0,0
WhatsApp-Image-2022-04-04-at-2-25-06-PM_jpeg_jpg.rf.bd6cdf5e73c283e33b0580406546bdc4.jpg,1,1,1,0,0,0.9259,1
WhatsApp-Image-2022-04-04-at-2-25-09-PM_jpeg_jpg.rf.4554ceb6d008bfa99578e613dec7aac1.jpg,1,1,1,0,0,0.945,1
